id;type;content;test_id
1;Information Technology;Question Number 1 - Nemo nam architecto et commodi est.;1
2;Information Technology;Question Number 2 - Aut nam odio sit sunt molestiae dolores necessitatibus molestiae.;1
3;Information Technology;Question Number 3 - Doloribus nisi quia nostrum nostrum nulla sit.;1
4;Information Technology;Question Number 4 - Expedita in numquam.;1
5;Information Technology;Question Number 5 - Repudiandae sequi et aut non et quisquam.;1
6;Information Technology;Question Number 6 - Labore odio eveniet reiciendis.;1
7;Information Technology;Question Number 7 - Voluptate odio ut repellat fugiat velit.;1
8;Information Technology;Question Number 8 - Optio quae facere qui et dignissimos inventore sed eum.;1
9;Information Technology;Question Number 9 - Voluptatibus assumenda accusamus consequuntur molestiae.;1
10;Information Technology;Question Number 10 - Aliquid praesentium eligendi eligendi quidem explicabo in ullam.;1
11;Business Quesitons;Question Number 1 - Esse esse neque.;2
12;Business Quesitons;Question Number 2 - Voluptatem rerum et tempora delectus commodi eum.;2
13;Business Quesitons;Question Number 3 - Autem inventore aut voluptatibus et voluptatum beatae et non.;2
14;Business Quesitons;Question Number 4 - Exercitationem repellat maiores.;2
15;Business Quesitons;Question Number 5 - Non modi enim facere occaecati doloribus sunt.;2
